{"cameraMode":{"drawMode":0,"name":"Shaded","section":"Shading Mode"},"sceneLighting":true,"audioPlay":false,"sceneViewState":{"showFog":true,"showMaterialUpdate":false,"showSkybox":false,"showFlares":true,"showImageEffects":true,"showParticleSystems":true},"in2DMode":false,"pivot":{"x":15.954843521118164,"y":0.0,"z":31.202423095703126},"rotation":{"x":-0.22319255769252778,"y":0.6570660471916199,"z":-0.2132398635149002,"w":-0.6877340078353882},"size":41.144229888916019,"orthographic":false}