{"cameraMode":{"drawMode":0,"name":"Shaded","section":"Shading Mode"},"sceneLighting":true,"audioPlay":false,"sceneViewState":{"showFog":true,"showMaterialUpdate":false,"showSkybox":false,"showFlares":true,"showImageEffects":true,"showParticleSystems":true},"in2DMode":false,"pivot":{"x":7.950361251831055,"y":7.205413818359375,"z":9.822062492370606},"rotation":{"x":-0.22319255769252778,"y":0.6570660471916199,"z":-0.2132398635149002,"w":-0.6877340078353882},"size":1.1461251974105836,"orthographic":false}